id,title,score,url,created_utc,num_comments,views
772v5s,Gordon Hayward Breaks His Leg *GRAPHIC*,34194,https://streamable.com/j4yf3,1508285853,6439,2209085
77ch9a,Every Phoenix Suns player starts running at the exact same moment,31920,https://gfycat.com/PrestigiousWeeGreyhounddog,1508390979,621,3867708
784gt7,Carmelo puts OKC up by 1 before Wiggins wins it at the buzzer,27816,https://streamable.com/3t2tl,1508721935,1987,514785
7b1135,Tyronn Lue abruptly stops barking out orders after a weird ring falls out of his mouth,25092,https://gfycat.com/gifs/detail/DistinctAbsoluteEeve,1509922808,1479,0
7h5293,Amazing defensive effort by the Suns,22882,https://streamable.com/7w48t,1512246626,1139,491303
7grh6m,LeBron James with the Rejection!,18958,https://streamable.com/zvfri,1512091872,1170,663299
7fo2jk,Klay Thompson hates Gatorade,18476,https://streamable.com/oz5k1,1511715363,1221,807480
7c6qk8,Lonzo with the pullup j from deep,18453,https://gfycat.com/gifs/detail/IllfatedPlainDwarfmongoose,1510379047,1337,0
78cysm,Jordan Bell SELF ALLEY OOP And-1,17274,https://streamable.com/rvev1,1508813464,1684,589661
7eddlj,"Guy at Lakers game smells his rancid Ranch dressing while eating his chicken tenders, eats it anyways..Hilarity ensues.",16802,https://streamable.com/75og0,1511221787,730,816605
7fgsmr,Jayson Tatum looks at the wrong camera.,16405,https://streamable.com/bgf93,1511632858,416,596190
7fc8sv,LeBron with the LeFuckYou3 from 40 feet,15198,https://streamable.com/jq5kb,1511576361,920,450211
7ewfcf,"Westbrook and Durant jawing at eachother, go head-to-head - ESPN",14586,https://streamable.com/vl8vx,1511404727,2316,436255
7ahc4y,Damian Lillard game winner,13943,https://streamable.com/mfea8,1509685614,1239,246666
78hfst,"LeBron defends Jordan Bell's self alley-oop: ""We‚Äôre all men. Stop me from dunking. We‚Äôre not trying to hurt nobody..You play the game until it's over. Yeah he threw it off the glass, dunked it, so what?""",13553,https://streamable.com/zpyvy,1508867227,1181,92064
7ew5o4,"Jalen Rose called Joel Embiid's ""69 percent"" conditioning joke ""unprofessional."" Embiid now says he's at 81 percent.",13290,https://streamable.com/pmgrn,1511402067,863,163693
79ik7k,Anthony Davis and DeMarcus Cousins visit a haunted house,12872,https://streamable.com/0451j,1509305548,473,200854
7h0lbn,Donovan Mitchell cannot hide his smile as he becomes the first rookie to score 40-plus points since Blake Griffin did it in 2011,12626,https://streamable.com/j1spt,1512188558,821,158480
7eihs7,"Charles Barkley says Clippers are going to the Western Conference Finals, Clippers proceed to lose 9 in a row",12590,https://streamable.com/qkbrb,1511277169,663,61712
7gilac,Dwight Howard crosses up Poeltl and puts Ibaka on a poster,12329,https://streamable.com/umcia,1512005635,672,402393
77amvr,Markelle Fultz first 2 free-throws of his career,12210,https://streamable.com/gjj42,1508369772,1572,358336
7cryfk,Lebron and Enes Kanter scuffle.,11942,https://streamable.com/65b0w,1510621638,2690,475236
78sas3,Eric Gordon beats the 6ers at the buzzer,11534,https://streamable.com/flyqg,1508980843,980,323753
79e2gl,"""Wessell Russbrook""",11497,https://streamable.com/z4dpa,1509242601,443,295502
7cslyn,LeFuck You 3,11097,https://streamable.com/nahp8,1510628014,1139,325415
7ic303,Brandon Ingram with the three with 0.8 seconds left! - TNT,10982,https://streamable.com/t5m10,1512704386,1204,731563
7ikrch,Manu Ginobilli go ahead basket with 5 seconds left,10948,https://streamable.com/dm70u,1512795101,828,428986
79127z,Blake Griffin wins the game with the buzzer beater 3 pointer,10655,https://streamable.com/zx0bi,1509078928,1273,359925
7iq2tn,"Coach Nick: I have studied many NBA offense for years, I don't know of any coach would scheme for a Point Guard to initiate a pass and then simply back up and wait for ball to come back",9655,https://streamable.com/egigw,1512860392,1244,222543
77n82a,Rookie Jonathon Isaac realizes he forgot his jersey in his 1st NBA Game.,9490,https://streamable.com/dilzk,1508516930,333,251611
7h7jd0,Gary Garris Harris 360 Fingeroll Past Larry Nance,9386,https://streamable.com/7ca4y,1512273200,308,135312
7i36gq,Bron dagger!,9375,https://streamable.com/8whn4,1512612796,1301,302105
7bgdid,Jimmy Butler fears for his life as his canoe begins to capsize,9261,https://streamable.com/nj85v,1510089891,464,351076
7b9mgq,[Dave McMenamin]: Lebron came out of the shower with a towel on his waist and went straight to Ty Lue's office.,8850,https://streamable.com/fz17z,1510015931,917,138652
7980z9,Draymond Green / Bradley Beal scuffle,8832,https://streamable.com/corf5,1509161698,2316,417786
78kxkz,Blake Griffin ends Rudy Gobert's life with the nasty poster dunk,8802,https://streamable.com/uofu3,1508900100,819,376142
7hv4xw,Serge Ibaka finger wags after blocking Alex Len - and Dikembe Mutombo loves it,8742,https://streamable.com/llnxr,1512529042,323,298593
79jq6f,Steph came to the arena in costume üòÇüòÇ,8685,https://streamable.com/uczx3,1509317057,389,261750
7dd5rn,21 Savage with probably the worst halftime performance in NBA history @ Hawks vs. Kings,8436,https://streamable.com/jj6bb,1510846690,1447,143585
774l1e,Durant Misses Game Winner By Faction of a Second - TNT,8130,https://streamable.com/g2xdi,1508304562,1122,321913
7irq5q,Giannis dunks on Rudy Gobert to end the game,8087,https://streamable.com/x528h,1512878702,655,230393
7epsrj,Sample of Josh Jackson's defense this season,8042,https://streamable.com/no4jw,1511343985,659,157471
7g0rgw,This Celtics fan on the Jumbotron had me shook,8027,https://streamable.com/n95cb,1511836482,394,437188
77els5,"Paul Pierce on Embiid: ""I‚Äôm tired of getting a little taste of him. I want the whole load.""",7721,https://streamable.com/p605e,1508422144,767,109901
7bq1se,Kyrie Irving somehow gets through the Lakers defense with some fancy ball-handling and lays it in - ESPN,7684,https://streamable.com/u30kq,1510190838,608,256098
7da6le,Lonzo bricks two threes in rapid succession,7443,https://streamable.com/youyd,1510808728,1532,275820
7a04y4,Westbrook to Adams - NBATV,7400,https://streamable.com/qkryq,1509496059,454,231677
7a8blu,Ben Simmons NASTY DUNK!,7315,https://streamable.com/ba6j7,1509586713,626,288579
7hmyd4,Steph Curry's nasty ankle injury,7199,https://streamable.com/5zwhg,1512444615,1057,346504
7ewekt,Westbrook back to back steals on KD/Steph,6859,https://streamable.com/9pp2a,1511404559,453,168617
7di4wg,"""They're not going to beat the Golden State Warriors tonight and they're not going to hold the Golden State Warriors to 94 points. I promise you that."" - Charles Barkley",6817,https://streamable.com/ys03p,1510890849,645,113861
77jj56,Patrick Beverley going at Lonzo Ball and welcoming him to the league,6800,https://streamable.com/qsv9k,1508469697,912,319156
7bqnot,Cameraman with the inhuman reactions,6749,https://streamable.com/yux5j,1510197323,553,395460
7aolru,"Brian Scalabrine: ""Paul George only makes those in the Gatorade commercials.""",6363,https://streamable.com/zm9qw,1509768343,346,155306
77qt68,Kyrie‚Äôs response to fan asking him ‚ÄúWhere‚Äôs Lebron?‚Äù,6105,https://streamable.com/8so7i,1508552090,723,298688
77qgzg,Lebron James blocks Giannis then drills a wide open 3 on the next play,6074,https://streamable.com/vz14d,1508548094,557,221291
78rxij,Trevor Booker sneaks into the Cavs huddle,6060,https://streamable.com/cmnwl,1508976940,411,330687
7hdtre,Shaun Livingston gets thrown out from the game,5954,https://streamable.com/iz7dp,1512349188,1374,166137
78cu9g,Ref gets in the way of Harden's pass,5864,https://streamable.com/emmfh,1508812066,1083,210244
7989nb,Steph gets John Wall to take the bait and makes him pay!,5796,https://streamable.com/vewnp,1509165140,412,257696
7c442v,Steph Curry with the long distance goal shot from his foot (h/t:@letsgowarriors),5498,https://streamable.com/r6tqf,1510349113,397,199544
7eec5e,Donovan Mitchell commits the tech after Embiid swats his layup,5327,https://streamable.com/lo0xa,1511230388,897,110316
7hm182,"""May I have this dance?"" - Lance Stephenson",5292,https://streamable.com/lz9cj,1512435731,397,218592
7d0d4o,Jaylen Brown throws down a hard windmill.,5180,https://streamable.com/jq4j1,1510707333,299,229968
7aod4c,LeBron with a pinpoint behind the back pass to the ref after a foul.,5017,https://streamable.com/bxmhj,1509765156,271,244352
7anyyt,Porzingis with a spectacular block on one end and a spectacular dunk on the other end!,5010,https://streamable.com/wvsir,1509760256,363,171968
7c60qj,Bledsoe to Giannis fastbreak oop,4954,https://streamable.com/840gj,1510369556,328,162599
7frvoi,"Gasol's reaction after being benched in the 4th: ""At the end of the day, I'm as competitive as anybody. I hate not playing, that's what I value most. If I'm not on the floor, that means I'm not valued. I'm sure they knew that would hurt me the most..I'm sure they wouldn't do it to Mike.""",4914,https://streamable.com/ucczh,1511749817,981,32404
7bhv7g,Cody Zeller gets blocked 4 times in a row,4763,https://streamable.com/sz1jz,1510103817,342,160587
790546,Klay Thompson attempts to start a race.,4706,https://streamable.com/7sryj,1509067696,359,141909
77aomj,Boston Celtics open home opener with a message from Gordon Hayward,4701,https://streamable.com/4katd,1508370283,284,57154
7ag2hp,"Steve Kerr: ‚ÄúF**k you, motherf**ker‚Äù",4658,https://streamable.com/sys8c,1509670874,308,180839
79dfdg,Beautiful ball movement by the Pelicans,4652,https://streamable.com/xt67c,1509234440,265,118696
7ao7ux,Manu pulls out a ferocious dunk at 40 years young,4652,https://streamable.com/xt0dz,1509763289,308,126735
7dqf6n,"Popovich to the Refs: ""All 3 of you: 1, 2, 3, you're all fucking blind!""",4651,https://streamable.com/nbk0g,1510976819,365,102420
7b2n81,This was a flagrant 2 on Carmelo Anthony...,4622,https://streamable.com/np0n7,1509939838,1758,168429
79ea05,Donovan Mitchell flies for the unbelievable putback slam,4564,https://streamable.com/3dld7,1509245411,302,143689
7cs5l5,Lebron just fucking watches as Ntilikina dribbles down the lane for a layup,4554,https://gfycat.com/BlackandwhiteFailingGoldeneye,1510623519,677,451153
7baqo5,"Curry hits a crazy teardrop floater during pregame, KD does a ritualistic dance",4432,https://streamable.com/soh5n,1510027656,404,166582
79acde,Reporter nervously forgets question while talking to KD.,4378,https://streamable.com/il8zc,1509200519,302,112307
777kle,Kevin Love's absolutely ridiculous pass last night,4339,https://streamable.com/b350f,1508342875,296,130123
7dxenr,"After bricking 3s after 3s, a Philly fan channels his inner Covington and drills the half-court shot to win a Chick-Fil-A biscuit for the whole crow",4307,https://streamable.com/g5oay,1511055426,388,60161
7hm45k,24 year old LeBron vs. 32 year old LeBron. Same building. Same drive. Same dunk.,4250,https://streamable.com/cowzg,1512436485,342,282796
7anmd5,Ben Simmons Jersey Rip,4235,https://streamable.com/wyhlw,1509756276,483,259717
7gis93,Sixers Cameraman gets caught spying on a girl at the game. Awkwardly zooms into basket and goes blurry,4137,https://streamable.com/ehwcr,1512007373,410,188770
78tedl,Curry channeling China Klay after the whistle,4125,https://streamable.com/cecp7,1508993722,216,211788
7ewpeu,Harrison Barnes sinks the winning 3 pointer with 0.5 seconds left.,4122,https://streamable.com/at64r,1511407677,394,107064
7gnpny,"LeBron explains why opening up a school in Akron means more to him than basketball: ""The basketball thing is fun. I love it. I enjoy it. But being able to open up a school, that's something that will last way beyond my years.""",4110,https://streamable.com/d13mz,1512060883,497,8016
77x3vz,James Johnson dunks Victor Oladipo into oblivion,4062,https://streamable.com/q4luu,1508631929,255,140192
797ndr,Popovich mistakes Ross for Simmons and puts him in a headlock,4037,https://streamable.com/rvte9,1509156559,298,261018
77xh86,Marc Gasol nasty move on Klay Thompson followed by a 3,4034,https://streamable.com/hutup,1508636464,284,88690
7ej3ug,Rodney Hood Jedi mind trick,4030,https://streamable.com/90prl,1511282194,212,118232
7brofw,"Omri Casspi on MVP chant, ‚ÄúI went up to KD after the game in the locker room and I said KD you‚Äôre holding me back bro. They‚Äôre calling MVP for me.‚Äù",3986,https://streamable.com/lw261,1510209907,316,36267
7flnw2,"High quality vid of Giannis yelling ""I will fuck you up!"" to assistant coach Sean Sweeney",3860,https://streamable.com/w4p5w,1511684165,873,187602
7blrvt,"""I see you workin booooiiii""",3840,https://streamable.com/fnq5z,1510152698,275,159502
7gru4b,Ben Simmons reverse dunk putback,3839,https://streamable.com/ok4kj,1512095284,282,117435
7dy5qj,"WATCH: Kevin Durant ""we didn't want to lose to these guys, especially Joel, he would've went straight to twitter and talked shit""",3685,https://streamable.com/jpfsj,1511063601,374,28402
7buwom,"LeBron on how CP3 can help the Rockets: ""Nah. No. CP stinks. Tell him I said it.""",3681,https://streamable.com/g3xr5,1510249396,337,57593
7g06m7,Lebron cleans up his mess and ends the half with a buzzer beater.,3662,https://streamable.com/pcp1e,1511831176,348,133025
7hhjnj,Jimmy G Buckets has something very important to tell you,3635,https://gfycat.com/EquatorialWarmheartedFrog,1512396757,207,196150
7bz6bm,De'Aaron Fox with the game winner against the 76ers,3592,https://streamable.com/my4t2,1510291896,453,81721
7ew152,WATCH: Chris Paul fakes out Jokic with crazy ball fake,3586,https://streamable.com/i0dce,1511400786,290,188160
78l05b,Wade‚Äôs handshake with Lebron..and Kevin Love.,3577,https://streamable.com/nh6pc,1508900888,378,190472
78od5p,"LeBron James: ""Ever since I was a kid I learned every position on the floor. For some odd reason, I could learn every position on the floor all at one time. PG, SG, SF, PF and C and know all the plays what they're doing and what's the reads. I know every single play at every single position.""",3560,https://streamable.com/ygfrt,1508944900,848,14379
77t7j7,De'Aaron Fox with Kameha shot,3547,https://streamable.com/bc9m8,1508590707,523,147882
791qeo,"Chuck on Kyrie's comments on the gym floor of the Mecca: ""This is the same dude that says he believes in flat earth? ... And Ernie I got one worse than flat earth theory, this is the same dude that don't want to play with LeBron. His credibility is SHOT""",3540,https://streamable.com/n2vk6,1509088942,580,21997
78gmdr,"Draymond yells:""Who is this?"" as Mavs rookie Gian Clavell enters the game",3496,https://streamable.com/skmz7,1508860207,758,198803
7cd4ct,Shaun Livingston behind-the-back crossover to a behind-the-back dime to Klay Thompson for 3,3492,https://streamable.com/ztjvu,1510457718,230,86619
7gi3x9,Elfrid Payton breaking Brodie's ankles!,3471,https://streamable.com/uqgkx,1512001226,254,139985
7ij8rw,"Dwight gets faked out of his shoes, recovers for the block, and takes it coast-to-coast",3463,https://streamable.com/dozy2,1512778902,283,94585
78hokz,Video of Kevin Durant watching Gordon Hayward's injury live,3455,https://streamable.com/5vh07,1508869283,641,145386
7ant4m,J. J. Redick circus 3 vs the Pacers,3451,https://streamable.com/9s7fn,1509758361,271,75710
7dhk4g,Kyrie Irving with the layup and...Marcus Smart disqualifies it,3448,https://streamable.com/dqyxi,1510884972,312,115149
7d4dx3,"Dwight Howard on facing the Cavs tonight: ""We can't let them win. This is our home. He calls himself the king, but the king has to face the Evil One tomorrow. And I'm the Evil One.""",3421,https://streamable.com/iqgic,1510755696,646,21356
7fqwvv,Draymond Green freezes and turns off once again,3420,https://streamable.com/y7i4q,1511740529,157,99584
77xb99,Markelle Fultz horrible free throw attempt,3419,https://streamable.com/olcno,1508634438,930,252039
7d7joj,"Malik Monk asked if its weird to be playing against LeBron: ""So weird. He was in his prime when I was [growing up] watching and he's still in his prime now, so its crazy.""",3408,https://streamable.com/gozm8,1510782722,208,14145
7h7971,Embiid shows Drummond the way out,3402,https://streamable.com/183v2,1512269824,551,0
7d72lu,"Isaiah Thomas: ""When I got traded here, one of the first things I thought of was like damn I'm gonna have to get these handshakes down. I really wasn't worried about the on-court things, I'm like man these handshakes are very serious.""",3394,https://streamable.com/t2keb,1510778724,179,16058
7fp893,"The Celtics tried a new play by play guy last night, and it got...sensual (courtesy u/feversmirrors)",3386,https://streamable.com/26i3m,1511725528,174,96779
7bnhag,Porzingis the flop artist,3355,https://streamable.com/1lrq8,1510167404,657,92518
77r363,Dwight Howard receives his 5th foul and shows his appreciation,3340,https://streamable.com/y53ar,1508555674,261,130693
7bq8x1,Smart rejects Ball at the rim - ESPN,3337,https://streamable.com/55i4h,1510192960,400,97218
7i36u2,Oladipo gets a steal and hits a game-winning three! - FS,3328,https://streamable.com/w6qkv,1512612879,382,0
7ex3h9,Devin Booker with the tough buzzer beater to force overtime,3309,https://streamable.com/n98qn,1511411836,274,92243
79sm7n,Andrew Wiggins huge dunk in the clutch vs the Heat,3267,https://streamable.com/l64qv,1509415186,250,91611
7g9j3f,LeBron gets ejected,3267,https://streamable.com/mc8fp,1511920335,807,0
7dq23m,LeBron puts Austin Rivers on skates,3265,https://streamable.com/crv1u,1510972977,197,132514
7c5u2n,Oladidpo 360 slam,3218,https://streamable.com/m743e,1510367301,219,100623
77b5vv,Tony Allen gets a standing ovation in Memphis when he enters the game,3203,https://streamable.com/2gzbk,1508375262,175,51269
78cu85,Chalmers trips Harden; Harden shoves Rio to the ground,3198,https://streamable.com/9muqz,1508812054,772,200664
77qglc,Kyle Korver goes on a 9-0 run,3178,https://streamable.com/4jw7l,1508547972,274,82296
7gj2mn,the Wolves-Pelicans halftime show is REALLY REALLY weird.,3176,https://streamable.com/3kmyd,1512010043,478,95164
7fc52f,Dwight Howard makes a gesture,3161,https://streamable.com/c3i2m,1511575195,302,0
78cdw5,"[SINow] Stephen Curry consoles Devin Harris' nephew, who lost his father in a car accident last week",3158,https://streamable.com/jobsk,1508807315,162,58862
77am7w,[Highlight] John Wall bodies TJ McConnell and dunks it!,3143,https://streamable.com/bwz0i,1508369576,360,88172
7g0zlr,ESPN hype ad for a shitty game,3116,https://streamable.com/7ozez,1511838545,340,0
7hmi1u,Devin Booker shoots a lightly contested 3.,3114,https://streamable.com/0ulk6,1512440188,211,0
7g21xn,Lonzo Ball attempts to cut into the Clippers 5 point lead with 12 seconds left,3107,https://streamable.com/cj6wi,1511849268,729,0
78zzr8,Irving gets free and floats it in with some wicked handle on Brogdon - TNT,3101,https://streamable.com/ej6cb,1509066005,309,98696
7efmhv,Klay Thompson offers his thoughts regarding walking under scaffolding on NY nighttime news.,3073,https://streamable.com/atl40,1511243344,347,0
7dah4n,Joel Embiid with the legendary post-game interview feat. Kevin Hart and Ben Simmons,3066,https://streamable.com/1ftka,1510812234,335,83209
7icjol,Embiid runs into Lonzo's dad after the game,3062,https://streamable.com/tuovv,1512708251,625,0
7ewa70,Embiid hits the Sky Hook,3058,https://streamable.com/eanmb,1511403310,295,0
7d9qzz,Ben Simmons with the euro-step and slam past Ball - ESPN,3040,https://streamable.com/r1wr2,1510803959,249,88923
7b9wta,Al Horford is back with another flinch after the whistle,3039,https://streamable.com/ge0ug,1510018907,240,115420
7i2oe6,LeBron James throws 5 insane passes in the first 6 possessions of the game!,3032,https://streamable.com/r2kxl,1512607956,326,0
7eo4oe,Cameraman gets his priorities straight,3013,https://streamable.com/uoa0a,1511324401,365,0
77jk8a,Patrick Beverley pretty move and NASTY block,2975,https://streamable.com/xkrfx,1508470071,167,88697
7gincd,Hardaway with the crazy buzzer beater to end the half,2972,https://streamable.com/krger,1512006123,200,0
77liaw,[Inside The NBA] Chuck gets roasted as he has a weird stutter and a lisp at the same time,2951,https://streamable.com/wclzp,1508499409,173,58035
77ikxl,KP send Melo back to NYC with the block,2949,https://streamable.com/sclco,1508459048,161,145048
79bfha,Gortat holds Klay for the last 1.1 seconds of the game,2944,https://streamable.com/g251g,1509212388,354,318861
7cck6l,The speed of Patty Mills.,2944,https://streamable.com/n2uv8,1510451002,225,143284
7gzxy2,Kevin Durant gets ejected from the game,2928,https://streamable.com/4pwrk,1512180657,822,0
78d47a,"Dejounte Murray told Pop to Chill He got this, After LMA Scuffle With Ibaka",2925,https://streamable.com/urqsi,1508815215,532,150470
7gj0ds,Westbrook looks broken.,2918,https://streamable.com/qah0x,1512009483,999,109540
7gskx1,Donovan Mitchell throws down an insane alley oop for his 15th point of the half,2908,https://streamable.com/klrdk,1512102531,266,0
7i4eu0,Jimmy Butler is not impressed by Taj's half court heave to end the half,2901,https://streamable.com/p7zlq,1512626222,210,0
7i5zs8,"Jimmy Butler on playing 40 minutes: ‚ÄúYeah we need to talk to Thibs, these 40 minutes are starting to add up.‚Äù",2900,https://streamable.com/gedrc,1512648386,454,0
7g4vjl,Andre Drummond shushes the Garden crowd after hitting two free throws to ice the game,2891,https://gfycat.com/gifs/detail/BriefSmugArawana,1511882755,285,0
7gzp9f,"Orlando Magic with the ""Bandwagon Cam"" vs the Warriors",2879,https://streamable.com/exgpn,1512177887,328,0
776l40,"After putting up 29 Pts, 16 Rebs, and 9 Asts in the season opener, LeBron's reaction: ""I'm outta shape.""",2866,https://streamable.com/kufcl,1508333925,333,11683
79zdwz,Lebron dancing in Pennywise costume,2863,https://streamable.com/dv263,1509488696,251,141977
7e9pmf,"LeBron on Reggie Jackson interrupting Butler's FT: ""I've done it before. I've won a playoff series doing that before actually. So I'm all for it.""",2849,https://streamable.com/agnk2,1511192691,422,0
78t513,John Wall explodes past Lonzo,2848,https://streamable.com/wn9qu,1508990350,331,130144
7itbq2,Here is how Steph Curry attacking off the ball,2824,https://streamable.com/itob7,1512902972,316,0
7fjmk3,Kyrie Irving drops Darren Collison and gets the easy layup,2820,https://streamable.com/3q366,1511659923,223,0
78jwmi,Jaylen Brown throws down the thunderous reverse dunk on the fast break,2810,https://streamable.com/84s8y,1508889249,280,84877
7evo3k,LeBron submits his Shaqtin nomination by blowing the wide open dunk,2794,https://streamable.com/dqio0,1511397107,247,0
7bhm6g,Giannis gives Lebron a taste of his own medicine,2791,https://streamable.com/g9yp8,1510101373,292,121914
7bihce,Kristaps has a finely tuned internal clock,2756,https://streamable.com/vl27c,1510109910,270,90593
77r9s5,"Lakers Corey Brewer calling for the ball for a good 15 seconds, but to no avail",2750,https://streamable.com/n3v7g,1508558119,253,99437
7h7cfv,Embiid and Drummond hug it out at the end of the game,2723,https://streamable.com/cmybt,1512270871,240,64919
7bn02d,Esteemed sharpshooter Andre Roberson splashes effortlessly from the logo,2721,https://streamable.com/704ht,1510163489,202,105265
77ijky,Enes Kanter gets a huge ovation on his return to OKC,2714,https://streamable.com/62bbf,1508458664,188,63990
7a0omq,"Nothing stops Me7o, not even Giannis",2707,https://streamable.com/5bq1d,1509501884,386,134199
7hdxa6,Bam Adebayo locks down Stephen Curry on the perimeter,2688,https://streamable.com/vh5xh,1512350170,241,105049
7cnyg7,"LeBron: ""I wasn't throwing shade at Frank at all. People got their panties in a bunch in New York. I thought he would be a great fit here with Porzingis. That's not to say Frank won't be... So that's a clarification for Enes Kanter who always got something to say.""",2665,https://streamable.com/d5x4k,1510588315,792,0
7buc6v,"Jason Kidd calls Lonzo Ball comparison ""a stretch""",2632,https://streamable.com/qww5u,1510244420,779,56478
7e5ni8,Reggie Jackson inturrupts Jimmy Butler's FT attempt causing him to miss the game tying FT,2624,https://streamable.com/5l89m,1511145527,309,94293
7hebdb,"Joffrey Lauvergne gets his finger dislocated, Popovich doesn't want to see any of that",2618,https://streamable.com/ge6lf,1512354193,152,80376
79jry4,Victor Oladipo hit the 3 over LaMarcus Aldridge to give the Pacers the lead with 10.3 seconds left,2596,https://streamable.com/zrfxs,1509317575,365,52767
7d0rcl,Dennis Smith Jr. blows by Pau Gasol and throws down the two-handed hammer!,2593,https://streamable.com/od4wx,1510711173,373,0
773099,[NBAonTNT] Celtics huddle together after gruesome Hayward injury.,2592,https://streamable.com/qrhhy,1508287211,312,83622
78zulw,Only the highest quality of basketball being played in the Bulls-Hawks game,2589,https://streamable.com/ff1kw,1509064384,225,114795
7ct5ye,Embiid fakes the shoes out of Deandre Jordan and slams it!,2587,https://streamable.com/y2sac,1510633791,161,0
7dqd3w,LeBron‚Äôs sons grade his performance,2571,https://streamable.com/ebsnb,1510976174,437,0
7ew69i,Westbrook comes in for the vicious slam,2563,https://streamable.com/oymlj,1511402234,169,0
79dsz1,Ben Simmons with a ridiculous wrap-around pass to Embiid,2552,https://streamable.com/dek38,1509239122,290,153705
7huu9l,Joe Ingles stumps two all stars in one possession.,2534,https://streamable.com/j18g9,1512526194,186,0
7ccw92,[Nuggets] Jokic half-court lob to Manimal,2530,https://streamable.com/owoi6,1510454938,151,80700
7afv0h,Danny Green with the poster on KD!,2528,https://streamable.com/vvxpt,1509668713,253,89574
7blmda,"LeBron on JR's breakout game: ""I told him it was the shoes... after a long conversation he finally decided to wear my shoes and he had a breakout game.""",2518,https://streamable.com/d381b,1510151152,200,17704
7actid,Doc Rivers tells a funny story about trying to get thrown out of a game to watch Tiger Woods at the Masters,2517,https://streamable.com/ce55p,1509641469,103,28633
7gsgs5,Jayson Tatum feels he has a mismatch and calls for an iso.,2513,https://streamable.com/tsoyp,1512101374,401,0
7h78bm,LeBron seals the game with a deep 2 to propel the Cavs to their 11th straight win,2510,https://streamable.com/lf4aa,1512269552,437,0
7e5xfq,Mudiay stops a 5-1 Lakers fastbreak - SSN,2500,https://streamable.com/ppe7l,1511148227,137,68266
7ao285,"LeBron in the tunnel: ""This is the best I've felt in my career right now.""",2493,https://streamable.com/66qld,1509761379,395,44706
7a6evu,"Tracy Mcgrady on Kyrie Irving's continuing belief that the earth is flat: ""I have it guys. I have it. Kyrie Irving lost a bet. He's trolling all of us. I hope it was a dare.""",2443,https://streamable.com/t08ql,1509568834,282,9919
7anpcg,LeBron jumps over Beal,2389,https://streamable.com/hbjg8,1509757210,299,116841
7av1ba,Anthony Davis smart play to keep the possession,2385,https://streamable.com/6pvv5,1509848505,220,85690
7ikamw,"Z-Bo talking about Boogie: ‚ÄúIn my hood, bullies get bullied.‚Äù",2378,https://streamable.com/p2gow,1512789621,485,198201
7h4q36,"Devin Booker blocks Kyrie's meaningless shot after the buzzer, then keeps the ball away from him",2372,https://streamable.com/pyh7p,1512243364,349,139353
7asyyb,Porzingis speaking Spanish postgame,2370,https://streamable.com/031re,1509826182,390,44230
79kmi7,KD with the Space Jam dunk!,2363,https://streamable.com/kqz0q,1509326729,177,118268
773ol1,Kyrie Irving misses a potential game-winning three against LeBron James - TNT,2360,https://streamable.com/ydfum,1508294034,376,84439
7cckei,Frank Ntilikina Alley Oop to Porzingis!,2354,https://streamable.com/y0kyi,1510451067,188,59077
7dxxp9,Sexual Tension in the Philly Broadcast Booth,2353,https://streamable.com/x218m,1511061050,284,62337
7c641i,Giannis bringing out the party tricks on the fast break dunk,2345,https://streamable.com/35iz0,1510370686,183,135665
7aoj0s,Kyrie Irving completes the rare 5 point play!,2343,https://streamable.com/rjefe,1509767290,197,70944
7d11m4,Kyrie gets the steal and finds Jaylen who lobs it up for Jayson Tatum,2331,https://streamable.com/uzlzv,1510714014,228,59927
7gst6t,Nurkiƒá gets a HUGE block on Giannis but the refs whistle it away,2325,https://streamable.com/5j4hl,1512104919,517,43407
7d9lk2,LeBron reads the passing lane and throws it down,2317,https://streamable.com/2jwni,1510802343,333,109210
7e3w0s,Kerr breaks out a slinky as he waits for reporters to finish tweeting the news that Casspi will start in place of Durant,2312,https://streamable.com/bi2gr,1511129044,214,50027
7bynix,Clint capela huge block on Lebron James to seal the game!,2306,https://streamable.com/tapsk,1510285436,180,114995
77xpsi,KD's reaction to getting ejected (h/t:@vineydelnegro),2296,https://streamable.com/ethqm,1508639439,591,356613
7ex0lh,Stephen Curry and Kevin Durant on the bench laughing at Westbrook's failed attempt to get a triple double (credit to u/Metsvault),2296,https://streamable.com/83flx,1511410957,1162,221860
7bz680,Kosta Koufas thinking about life,2290,https://streamable.com/mxe75,1510291859,147,88260
7b0hga,Kevin Love rips his jersey right down the middle in frustration,2284,https://streamable.com/9d5h8,1509917389,313,169342
77qv32,Demarcus Cousins gets under Green's skin resulting in a technical on Draymond,2267,https://streamable.com/3t72x,1508552758,500,87561
7agizs,Gregg Popovich get ejected,2251,https://streamable.com/317da,1509675781,386,76530
783y2g,Karl-Anthony Towns fucking hammers it down,2249,https://streamable.com/02831,1508716369,222,85880
77jhu1,Blake Griffin posterizes Julius Randle,2241,https://streamable.com/tij8q,1508469289,230,86101
7hmx6z,Kevin Durant and Demarcus Cousins both get ejected late in the fourth - NBCSBA,2235,https://streamable.com/tznlw,1512444295,1008,59737
7d0ltm,DeMar DeRozan high fiving the air after hitting his free throw,2232,https://streamable.com/h9irs,1510709677,129,80886
7ikly5,Jaylen Brown flies for the putback dunk over Pau Gasol,2230,https://streamable.com/bx2ey,1512793185,153,119965
7hmanj,LeBron finesse move on Nwaba,2229,https://streamable.com/j3a48,1512438197,185,88183
79l1a2,JR Smith blank staring for 18 seconds,2223,https://streamable.com/5cljk,1509331552,185,70922
78tdve,[HIGHLIGHT] Durant to Curry for the DEEP three to take the lead!,2219,https://streamable.com/fqibs,1508993524,362,99363
7dq5pe,LeBron reloads to tie the game,2210,https://streamable.com/4m3b1,1510973940,235,123043
7d9q2s,JV with the nasty spin move on Cousins,2202,https://gfycat.com/HollowShorttermBantamrooster,1510803687,181,329870
7aw8uw,[Slater] There was a joke around the locker room that Pachulia almost got a three-second violation while on the fastbreak.,2199,https://streamable.com/2iyfs,1509865532,118,55575
7by61k,LeBron gets defensive on a good call,2192,https://streamable.com/l0u4t,1510279845,481,141297
7cp8m7,"Knicks fan to Cavs team in subway: ""KP gonna get yall tonight""",2183,https://streamable.com/su3a5,1510598837,359,105237
7fcp6c,Westbrook badly misses two threes down the stretch of the fourth quarter,2183,https://streamable.com/rees7,1511581528,401,80968
7ejrfv,Steph and KD engage in a bank battle,2176,https://streamable.com/1qtwt,1511287319,350,119200
7cjwol,"After having been jawed at by Mejri, Westbrook looks like he gets up off the bench and yells ""trash-ass n***a"" at him for missing a free throw",2174,https://streamable.com/zx81e,1510538242,253,70264
7h7rol,Jamal Murray dribbles past Lonzo Ball and Randle takes offense,2161,https://streamable.com/lsead,1512276168,778,136887
7g0khc,"Wade blocks Embiid, on the other end LeBron James squares Embiid up on the perimeter and drills it - FS",2159,https://streamable.com/hbrbw,1511834713,279,79131
7ex2wt,Lonzo Ball throws down the one-handed alley-oop,2158,https://streamable.com/6zxnc,1511411654,139,64170
7d1d1y,[NBA] Kyrie Being a Great Guy.,2153,https://streamable.com/kfig4,1510717134,298,67184
7gf0mx,Isaiah Thomas had a framed LeBron James jersey in his house while he was still a Celtic,2148,https://streamable.com/qpchr,1511976945,266,64508
7d9639,Russ takes out his frustration at getting called for the foul by stealing it again anyway and throwing it down hard,2145,https://streamable.com/3bmzk,1510797863,140,62020
7bio34,Porzingis had no intention of answering this question in his post-game interview,2138,https://streamable.com/omfy9,1510111835,237,75905
7a0d33,Russell Westbrook turns a lay-up into a dunk at the last second,2132,https://streamable.com/q5k30,1509498375,127,111349
7iy7y7,Victor Oladipo hypes up the Indianapolis crowd and tells them it's his house after a new career-high 47 points and the win! - FS,2131,https://streamable.com/1cfk4,1512952592,299,33191
7907sv,"Draymond, tired of kicking his legs so high, whips the ball at Kyle Lowry's balls",2124,https://streamable.com/maykb,1509068572,361,101002
7ahllv,Slow motion footage of Lillard's game-winner and reaction,2122,https://streamable.com/ajcfp,1509689477,287,47303
7ajy6g,Gordon Hayward practicing in a chair,2118,https://streamable.com/9ihfz,1509721449,252,102600
7girh7,Anthony Davis gets his 2nd tech and gets ejected,2118,https://streamable.com/ksemw,1512007173,416,66401
7740gj,James Harden step-back three on Steph Curry to end the first quarter - TNT,2114,https://streamable.com/ku506,1508297587,219,44405
7gs0qn,Lebron ices the game with a block on Dennis,2113,https://streamable.com/ti6vu,1512097077,247,59773
7cocqv,"JR Smith tells us his dad's motto growing up: ""Shoot every time you get it."" ... ""He said your shot is better than a turnover so don't risking turning the ball over, just shoot it.""",2108,https://streamable.com/3i9zm,1510591563,145,8670
7dicdo,Jaylen Brown gives emotional interview on playing after the death of his best friend,2108,https://streamable.com/tukaq,1510893137,191,21700
77qxu8,KD gets 2 blocks and the rebound wearing one shoe,2096,https://streamable.com/vhrqc,1508553724,152,60796
7a4e1m,"LeBron asked if his Pennywise costume was costume made: ""Nah I bought that out at Wal-Mart, size and everything, right of the rack.""",2071,https://streamable.com/3g38i,1509551020,257,21229
7c1nsi,Jimmer Fredette and Stephon Marbury get into an altercation during a game in China,2068,https://streamable.com/y2jpd,1510326750,539,59839
7c6u1o,"Bill Walton on the UCLA shoplifting scandal: ""I want to apologize right now on the behalf of the human race for this travesty""",2058,https://streamable.com/odwh9,1510380450,349,24007
78ce73,Frank Kaminsky throws it down on Giannis,2035,https://streamable.com/2ai3d,1508807401,223,70444
78zxfg,Baynes contests Giannis' insane dunk attempt and goes down hard,2022,https://streamable.com/lb5a3,1509065249,376,69553
7844f7,Andre Roberson tries to compete with Fultz,2019,https://streamable.com/hijqb,1508718181,384,84057
7eej3v,DeMarcus Cousins receives a flagrant-2,2010,https://streamable.com/o19w4,1511232224,696,94985
7b2k5i,Wiggins tries to pull a piece of thread off of Jimmys chin,2003,https://streamable.com/umlne,1509938848,173,109477
7gzt03,Steven Adams takes it all the way to rack after the steal and Russell Westbrook loves it,1988,https://streamable.com/c9sbk,1512179079,108,57895
77jneg,"Patrick ""1st Team All-Defense"" Beverley steals it from Lonzo for the easy basket",1983,https://streamable.com/qrhpd,1508471176,207,95034
79s6o7,Porzingis ends the half in EPIC FASHION,1983,https://streamable.com/n5tj5,1509411077,222,92295
7ewe1f,"OKC announcers discuss a no call on Draymond - ""At least he didn't kick in him in the crotch this time""",1977,https://streamable.com/9te6m,1511404417,124,38992
772x08,[Highlight] Derrick Rose crosses up Kyrie and finishes at the rim,1972,https://streamable.com/n8sgq,1508286337,189,75423
78czwe,Markelle Fultz tries a jumpshot,1969,https://streamable.com/6hhop,1508813807,721,172245
781lb8,"Josh Jackson shooting gesture at a fan and telling him/her ""f*** you""",1967,https://streamable.com/gmhhq,1508693283,483,94524
7ibd99,Julius Randle drops the hammer over Embiid,1963,https://streamable.com/u445f,1512697157,271,83991
7cs4rr,Tim Hardaway JR rips LeBron and gets the slam.,1961,https://streamable.com/vu7lj,1510623317,130,82383
77xqvj,Steph Curry and Kevin Durrant get ejected on the same play,1956,https://streamable.com/ibryo,1508639814,367,64583
7gsfzl,Giannis destroys Lillard‚Äôs layup with the chasedown to end the half,1952,https://streamable.com/mrk5i,1512101151,135,70643
7g13ul,LeBron smiling at Embiid after knocking down the jumper in his face.,1944,https://streamable.com/xn3uz,1511839629,278,107625
7g0ubt,Gregg Popovich ejected for foul language toward refs,1933,https://streamable.com/zfhfg,1511837217,270,45665
79xijw,"Here's the first video footage of LeBron and Steph hugging it out after the 2017 Finals ended, which wasn't shown on the live ABC broadcast.",1925,https://streamable.com/lbkfw,1509472516,428,94794
7ak4tn,"Ty Lue: ""We came out here early today and ran through a lot of plays and [Cedi Osman &amp; Ante Zizic] knew them the best."" Reporter: ""Is that terrifying?"" Lue: ""It is.""",1911,https://streamable.com/iutdt,1509723152,290,12031
7autuo,Steph Curry with the fake shot pass to Javale McGee,1911,https://streamable.com/0y0r0,1509846001,149,201783
7ijxb1,Victor Oladipo puts Love on skates and sinks the three in crunch time,1898,https://streamable.com/qc0vu,1512786193,263,42654
7gsbws,"LeBron hits the LeFuckYou3 over Blazemore. Later, celebrates with a familiar fan sitting courtside.",1890,https://streamable.com/36ira,1512100058,305,112492
7c5upj,"Antetokounmpo not aware where the ball is, finds it then eurostep and lay in! - ESPN",1888,https://streamable.com/krx1i,1510367500,115,61689
7gjz35,Lonzo Ball with back to back 3 pointers followed by a layup,1888,https://streamable.com/9hhes,1512019025,305,71564
7bj1gj,Russell Westbrook assessed a flagrant offensive foul,1869,https://streamable.com/tgcsz,1510115935,547,82699
7b0kfo,LeBron not pleased with Bazemore's flop,1857,https://streamable.com/06ine,1509918183,270,125368
7ah2ja,Shaq takes the Paqui One Chip Challenge; Kenny struggles from just the chip dust,1848,https://streamable.com/mck8x,1509682130,212,71866
7a9129,Ricky Rubio with the dagger 3 in overtime,1844,https://streamable.com/6f3pa,1509594289,351,41283
7e1eai,Marc Gasol t'd up for kicking Capela's shoe out of bounds (ft. Lil Jon),1838,https://streamable.com/y6eia,1511107211,295,70359
7eewh5,Two insane saves by Tatum and Smart lead to the clutch Kyrie 3 pointer,1837,https://streamable.com/7g46f,1511235786,180,55303
7i36sd,"Bron says, ""I run this b***h!""",1837,https://streamable.com/5o1w3,1512612869,464,158064
7b21av,Kyle Lowry violently kisses baby after ejection,1835,https://streamable.com/4vgey,1509933049,162,117279
7c5au9,Kyrie Irving leaves the game after he takes an accidental elbow from Baynes. Some blood on the court.,1832,https://streamable.com/p58d2,1510361294,355,56723
7776yj,"LeBron on Kyrie being booed: ""That was nothing. I've experienced boos before. That was like a pat on the back. That was nothing.""",1819,https://streamable.com/b9i54,1508339600,265,6533
773c2r,LeBron spin and two-hand dunk,1815,https://streamable.com/7f8uk,1508290420,110,38622
77bb57,Giannis dunks on Baynes again. This time with the lob,1815,https://streamable.com/j4zwy,1508376841,179,57129
7ae11s,Frank Ntilikina locking up James Harden on defense and forcing an airball,1815,https://streamable.com/kueg5,1509651901,258,47697
7e5ziy,Nikola Jokic and Mike Malone both get ejected - SSN,1796,https://streamable.com/96ofn,1511148834,507,38213
77bnzx,Dejounte Murray earning some brownie points with Pop during a Spurs huddle,1793,https://streamable.com/175cn,1508380742,253,66728
7dpfyj,Kevin Love literally doesn‚Äôt even jump for the opening tip against Deandre Jordan,1784,https://gfycat.com/TepidBlaringDuck,1510966597,249,277347
7hetc8,Harden nonchalantly throws a 48 foot alley oop to Eric Gordon,1784,https://streamable.com/yt1p5,1512359588,187,58270
7dbv9c,Siakam's funny face after shove from AD,1782,https://streamable.com/cg040,1510832754,106,76838
7grbhj,Bron with the monster dunk,1779,https://streamable.com/xj6nr,1512090396,170,74854
7eo1hp,Justin Holiday with the pull up jumper in transition,1777,https://streamable.com/tebir,1511323529,169,72702
79lylg,"The Cavs bench clears out after loss without shaking hands, again",1771,https://streamable.com/pzm87,1509344126,491,44473
7cq1rz,"KD didn't like when a reporter said Draymond ""hollered"" at him in Sacramento last year. Reporter: ""What word would you use?"" Durant: ""Well, we motherfucked each other.""",1754,https://streamable.com/8d1o6,1510605309,460,25128
7cvzfk,"Iman Shumpert keeping it real after his 0 Pts, 0 Asts, 5 TOs, 4 Rebs, 3 fouls in 20 minutes performance against the Knicks",1743,https://streamable.com/pvk57,1510670262,225,57434
7is168,Harden drops Vonleh with a DIRTY crossover and leaves him in the dust with a layup!,1724,https://streamable.com/uc0c9,1512882643,199,68676
7bkoph,Nikolai Jokic with the on-brand response to ‚ÄúMVP‚Äù chants after his career night.,1718,https://streamable.com/chguh,1510139747,140,55627
7bi9oe,Wade with a huge block on Antetokounmpo,1713,https://streamable.com/aixjj,1510107737,189,68867
7f201q,Steph Curry makes a tough finger roll with a squash. Denzel Washington in disbelief.,1713,https://streamable.com/im5rs,1511466022,200,123241
7h8bj2,Rondo tries to high five opponent,1703,https://gfycat.com/HairyWarmHusky,1512284148,122,1
7fzvv6,JJ Reddick doesn't want to guard LeBron,1695,https://streamable.com/3lg3x,1511828486,145,80833
7fdctp,Looks like Jordan Bell makes a money gesture and says 3.5 after the and 1.,1684,https://streamable.com/ratfd,1511589331,185,82309
78s18q,LeBron doing LeBron things,1682,https://streamable.com/29x26,1508977970,200,104396
77efh0,Terrence Ross No Look Pass To Vucci Mane,1676,https://gfycat.com/bewitcheddefinitiveharrierhawk,1508420371,134,91648
7ewcmu,"Sixers fans chant ""We Want Okafor"" at Wells Fargo Center",1671,https://streamable.com/p6ctx,1511404022,258,31552
7cjh23,Thaddeus Young rips his jersey in frustration,1668,https://streamable.com/31tkg,1510533736,239,56165
7btyef,Dirk Nowitzki's Academy for Awkward Basketball,1667,https://streamable.com/6vgdb,1510240980,88,23993
798ck8,Kevon Looney puts Kelly Oubre Jr on a poster! - NBATV,1665,https://streamable.com/uyomh,1509166393,157,60977
7dx4gq,Dario Saric rejects Kevin Durant at the rim,1656,https://streamable.com/xgg21,1511052425,90,97334
77b236,Dennis Smith Jr. soars high and gets his first NBA basket off the alley-oop!,1650,https://streamable.com/onsyi,1508374132,119,51454
7937tq,Impressive lock down on Giannis by a rookie,1650,https://streamable.com/tppzq,1509110781,221,73099
7fk1vz,Referee's terrible foul call against Jordan Bell,1645,https://streamable.com/vpwz0,1511664413,315,110245
7cthwq,Ben Simmons nasty reverse oop,1641,https://streamable.com/mgrzt,1510637503,166,58427
79z6wv,Kevin Love trimmed his beard &amp; he now looks 10 years younger.,1636,https://streamable.com/89cq7,1509486881,175,48750
7hmbjj,"Embiid continues to victimize Alex Len, this time on the offensive end",1636,https://streamable.com/v58yp,1512438429,161,0
79tk2u,Jordan Bell GETS UP for the impressive putback slam,1631,https://streamable.com/9gfnb,1509425098,227,52124
7dhb6u,Jaylen Brown gets a steal off Curry and throws it down! - TNT,1622,https://streamable.com/ansx8,1510882321,139,29453
7h9pl1,"Giannis with the ""gomu gomu no steal""",1614,https://streamable.com/03rjm,1512308826,197,0
785b82,Anthony Davis blocks Lonzo Ball,1607,https://streamable.com/zot3g,1508731735,152,80008
7evp0h,All 4 Mavs run over to help J.J. up after a fall,1606,https://streamable.com/t7wjy,1511397373,126,59515
7e46dm,DeMar DeRozan throws it down and closes the game,1604,https://streamable.com/rejft,1511131484,144,42448
77oq3e,[Video] Kawhi Leonard climbing these stairs quite gingerly. Looks like he may be out longer than expected...,1595,https://streamable.com/iqrq4,1508530336,347,77000
7cd5us,Giannis with putback dunk on Lonzo Ball,1595,https://streamable.com/lzz6g,1510458207,92,96549
7c6f4s,Neon Dion completely takes over and buries the Jazz,1581,https://streamable.com/ns2pa,1510374689,157,46255
7h7ks3,LeBron going crazy during the middle of Wade's interview as he watches the Ohio State/Wisconsin game,1580,https://streamable.com/st2mc,1512273692,223,0
7i3hwn,Korver with back-to-back-to-back 3's in 60 seconds to give the Cavs the lead,1578,https://streamable.com/me6sl,1512615967,189,0
7cd081,Stephen Curry nutmegs Ben Simmons but Draymond Green doesn't finish the play,1574,https://streamable.com/uyfcr,1510456273,83,70307
7fcacr,Kerr practices his shuffling as he announces that Casspi and Bell will start in place of Durant and Green,1569,https://streamable.com/swj37,1511576850,207,35423
7ikrxm,Kyrie Irving's game tying 3 just rims out,1569,https://streamable.com/q7yb5,1512795323,220,0
7ccnu3,"Dejounte runs into Pop on the sideline, Manu can't contain his enjoyment",1567,https://streamable.com/vbq6d,1510452157,68,88242
7anrfm,Doug McDermott massive reverse poster and staredown on Josh Jackson,1566,https://streamable.com/pi0mb,1509757828,174,68444
77xq40,Curry tossing his mouthpiece (h/t:@vineydelnegro),1561,https://streamable.com/vxko1,1508639548,330,186797
790fsh,Kyrie Irving freezes Giannis with the hesitation and floats the lay up just out of his reach,1561,https://streamable.com/76imc,1509071082,138,69769
77qp7g,D'Angelo Russell breaking ankles,1560,https://streamable.com/cfqvl,1508550726,237,63633
77j0fz,"""Aww shit getta fuck outta here""",1554,https://streamable.com/qxmmy,1508463796,112,96419
78m6tc,Look at how effortlessly LeBron makes this cross court pass to Crowder,1554,https://streamable.com/d37mt,1508917232,322,80606
7da13v,Kuzma tries throwing it down on Embiid! - ESPN,1548,https://streamable.com/k816j,1510806991,279,86535
78k2zp,Klay Thompson's pregame ritual: Reading the newspaper.,1546,https://streamable.com/4eapq,1508890973,179,29318
7emyqw,"[SC6] Joel Embiid on if he‚Äôs worried his trolling is ‚Äúpoking the bear a little bit‚Äù : ‚ÄúI‚Äôm not worried about that, if those guys want to get their feelings hurt...and they‚Äôre not strong mentally, that‚Äôs not my fault.‚Äù",1543,https://streamable.com/a2hwe,1511313352,213,10348
77mhxg,"Last night, Michael Beasley hurt himself and could only hop on one leg before he came out shortly after. That didn‚Äôt stop the GOAT from calling for the ball though.",1542,https://streamable.com/oi8a5,1508510379,108,71860
7cnrtj,"Dennis Rodman on if he would ever get into broadcasting: ""No. Hell no. No, No, No. No. NoNoNoNoNoNoNo. No... I love the game. I don't love the game that f***ing much.""",1541,https://streamable.com/02mgx,1510586739,132,8387
7gdeql,Kris Dunn with the textbook shooting form,1531,https://streamable.com/s07zx,1511963734,148,0
7h6vck,J.R. Smith is not on drugs,1530,https://streamable.com/ehgrh,1512265424,211,0
7b9vuw,Kyrie dances through the Atlanta defense &amp; finishes high off the glass!,1524,https://streamable.com/i66zy,1510018622,127,48692
7g0t92,Tony Parker is BACK,1511,https://streamable.com/pdr9d,1511836937,84,0
77awmq,Aaron Gordon pulling a TMac!,1506,https://streamable.com/dwbzi,1508372543,94,58017
7bydg4,DeMarcus Cousins breaks Valanciunas's ankles and drills the 3,1504,https://streamable.com/f7aw9,1510282133,123,53036
7anjc4,Steven Adams arrives to the game wearing a Rick &amp; Morty Christmas sweater,1500,https://streamable.com/mk2jt,1509755313,208,31549
7h52lf,Jaylen Brown's Ass Can't Resist The Sugarhill Gang,1494,https://streamable.com/eaiwb,1512246728,96,0
78gp4y,"[Amin Elhassan] ""This is a part of a continuing pattern of the best players in Phoenix saying I don't want to be here anymore, Goran Dragic, the Morris twins, [and now Bledsoe]. At some point, if you're a Suns fan, you got to stop and say why does everyone not want to be here anymore?""",1492,https://streamable.com/miqk4,1508860872,449,5859
78d1dj,"LaMarcus Aldridge posts up Ibaka, gets the and-1 bucket to foul him out of the game",1491,https://streamable.com/g8629,1508814282,119,41075
79stgv,Ben Simmons goes coast-to-coast for the slam late in the 4th!,1490,https://streamable.com/ikq78,1509417070,259,59966
7g4nzl,Doc Rivers says Lonzo Ball - not Austin Rivers - caused the injury to Blake's knee,1484,https://streamable.com/u8k2o,1511880909,416,0
7daefg,Embiid goes over 40 points with the nice moves on Julius Randle,1483,https://streamable.com/nvs9b,1510811333,219,39974
7djkzg,Kevin Harlan tells a story about why he tries to sound excited even while commentating blowout games,1482,https://streamable.com/zvwen,1510908723,218,27099
7h78yt,LeBron dances while fan begs for a high five,1481,https://streamable.com/ok10r,1512269752,205,0
77bgm7,Hassan Whiteside drops his first career three-pointer,1479,https://streamable.com/22nrb,1508378472,148,57178
7bablw,Jayson Tatum buries the clutch 3 pointer vs the Hawks,1475,https://streamable.com/jc7im,1510023137,255,45101
7ew9fp,Zhou Qi sends Chandler's shot into the front row,1475,https://streamable.com/d9odk,1511403087,226,75436
78k0vt,Jayson Tatum taking over the game on both ends of the floor,1474,https://streamable.com/6hztl,1508890419,359,44442
784933,Melo grabs a signature rebound,1473,https://streamable.com/m4cfg,1508719570,172,92198
7ew4zr,Embiid vicious block on Damian Lillard,1467,https://streamable.com/r4m92,1511401871,126,48499
7baecp,This kid at the Celtics/Hawks game,1466,https://streamable.com/prpj8,1510023907,106,94319
7i6jum,Rondo takes out two Nuggets leaving Boogie open for the dunk,1462,https://streamable.com/xh5ka,1512654410,133,0
7hti4s,Giannis insane finger roll,1459,https://streamable.com/wpg8e,1512513909,186,0
7dxl82,Jim and Bob don‚Äôt get the joke,1455,https://streamable.com/ss0nd,1511057370,145,50002
7fjrg8,"The Toronto Spurs trying out this strange new concept, called Ball Movement",1454,https://streamable.com/4ipsk,1511661354,163,46106
7iz9wm,"Michael Beasley fouls out in 10 minutes of gametime with 1 point, gets standing ovation from Knicks crowd",1452,https://streamable.com/tnvto,1512961356,160,34826
7ci7dn,Jayson Tatum dazzles with the spin move and hits the lay-up to beat the shot clock,1451,https://streamable.com/yt8da,1510521569,185,40184
79nsp2,Lauri Markkanen off the glass between the legs dunk pregame,1448,https://streamable.com/yg9pw,1509371145,168,65173
7d6y2x,[ESPN] 30 for 30: The Space Jam Game,1447,https://streamable.com/76f1,1510777648,88,186873
7d96qi,Rondo initiates a beautiful stretch of ball movement,1446,https://streamable.com/3ltww,1510798040,107,49123
7iq26y,Lou Willl hits the 3 to go up 2,1440,https://streamable.com/3pl0m,1512860207,125,0
78juh0,Jayson Tatum flies in for the put back slam,1439,https://streamable.com/0c98t,1508888650,153,56639
79kmpp,Derrick Rose gives the ball straight to KP on the inbound,1436,https://streamable.com/r1n99,1509326799,109,96912
7an96m,Derrick Rose with an acrobatic layup!,1424,https://streamable.com/4am9s,1509752306,164,50450
7984b1,"Fan shouts ""Fuck you mother fucker!"" at Bradley Beal",1422,https://streamable.com/m2a2d,1509163021,308,62496
7983rl,John Wall tells Steph Curry to stop flopping,1421,https://streamable.com/7cwtx,1509162796,512,111394
7br0u0,Nick Young with the creative pass-out-of-shot to Klay Thompson for a 3,1416,https://streamable.com/ibqwn,1510201466,125,71366
7a7v2g,Kris Dunn poster on Kelly Olynyk,1413,https://streamable.com/3p8c4,1509582104,169,37749
7gig5v,Joel Embiid blocks Tim Frazier and dunks it on the other end,1413,https://streamable.com/e60zf,1512004413,88,0
77r5ls,"DRose comments on the personal foul by Monroe that led to his ankle sprain: ""I think I'm the only person in the league that isn't getting that call for a flagrant. For sure I'm the only player. Go back and look at the history, it's there.""",1405,https://streamable.com/2u6xl,1508556569,327,14152
7av3h4,Warriors pass the ball 7 times leading to a Curry 3!,1404,https://streamable.com/23223,1509849277,112,54600
7cg41t,"Enes Kanter went from ""unplayable"" in OKC to now an adequate overall defender as a KNicks",1404,https://streamable.com/iyejc,1510502026,215,23213
7ewh9y,"Melo gets pissed at Russ for stealing his rebound, drains a 3 at the other end",1398,https://streamable.com/fj7zi,1511405319,145,75036
7aftl0,Zaza Pachulia getting booed in San Antonio,1392,https://streamable.com/c5uao,1509668317,579,37413
7bqdv6,{HIGHLIGHT} Reggie Jackson with the between the legs pass to Andre Drummond for the slam!,1391,https://streamable.com/hfqro,1510194367,98,19854
78cy0p,LaMarcus Aldridge and Serge Ibaka scuffle after Lowry gets elbowed - NBATV,1390,https://streamable.com/wietc,1508813236,347,67063
773nsd,Wade tosses the familiar alley oop to LeBron,1386,https://streamable.com/ljvfw,1508293799,87,43118
7iq7hl,CRAZY last 30 seconds of Clippers vs. Wizards. So many clutch shots!,1357,https://streamable.com/78ymp,1512861706,102,41437
77xuxn,Giannis forces the turnover and then gets the go ahead dunk on the run out with 11 seconds left,1356,https://streamable.com/ynxoz,1508641230,103,40264
7i2ov3,Kyrie pins DSJ's shot against the glass,1354,https://streamable.com/ppxjn,1512608092,128,0
7bifm1,Porzingis sprays down Dwight in the clutch,1350,https://streamable.com/kpdaf,1510109424,147,92348
7i3ysi,Steve Kerr And Mike Brown Are Hyped After Nick Young's Ridiculous Pump Fake Step Back Jimbo,1342,https://streamable.com/5shtr,1512620869,122,0
7bpyge,[Wojnarowski] Julius Randle is very unlikely to continue with the Lakers long term,1338,https://streamable.com/jlmpe,1510189878,544,30293
7896de,"Dwyane Wade on asking to come off the bench: ""Looks like I'll probably be better with this team in that lineup so why wait?""",1334,https://streamable.com/mcw7p,1508778478,248,7520
7b7akf,"Kevin Love on leaving the game: ""Lue had drawn up a play, I kinda wheeled my way out of the huddle, he came to talk to me and I just booked it right to the back... just wasn't feeling right. Stomach, shortness of breath. They got me out of there and sent me to the hospital for a routine check.""",1334,https://streamable.com/miwfg,1509994897,162,5896
77iqle,"Kevin Harlan exclaims, ""Yikes"" as Felton's lob to Grant fails - TNT",1321,https://streamable.com/9730r,1508460782,96,37745
7bltek,"Kevin Love on playing well after his hospital visit: ""Whatever they gave me I might go back. Might check myself in tonight.""",1319,https://streamable.com/l61x7,1510153115,109,7827
7cs9ni,Kelly Oubre shakes Buddy Hield and tomahawks,1317,https://streamable.com/146xr,1510624618,106,40782
7cjflo,"James ""Stepdaddy"" Harden puts the sauce on Turner",1314,https://streamable.com/pl05c,1510533319,241,47327
7g8gs2,Sniper in the building aiming at Dwade.,1313,https://streamable.com/roaih,1511911003,120,0
7c5bh4,Baynes gets bodied by Dwight Howard,1311,https://streamable.com/nfeq8,1510361482,301,74019
77q1s9,Kyrie Irving gets booed in Philly,1309,https://streamable.com/ayv8g,1508543262,287,39741
7dq8ef,LeBron James with a fadeaway dagger against the Clippers! - FS,1309,https://streamable.com/rztbq,1510974740,220,57904
7d4w20,"New Footlocker Commercial feat. ""Kyrie"", ""Melo"", and ""Anthony Davis""",1307,https://streamable.com/ueda0,1510760404,125,37388
7d0b8p,Jaylen Brown on fans who think they can beat NBA players 1-on-1,1304,https://streamable.com/9axed,1510706828,376,56768
777nsv,Baynes hits Crowder with unseen 5th appendage,1302,https://streamable.com/1zql1,1508343571,126,37960
7havti,Meyers Legend with the ridiculous no-look circus shot,1301,https://streamable.com/sa0pl,1512321748,129,0
7evrti,Kanter posterizes all over Ibaka - TSN,1300,https://gfycat.com/UglyDecimalLamb,1511398163,116,228454
7ejhs8,Isaiah Thomas gives his dad a gift in memory of his sister,1299,https://streamable.com/uwm40,1511285245,141,18116
7da5ie,Embiid with a beautiful euro-step around Brook Lopez,1298,https://streamable.com/0j11h,1510808396,110,49060
7b96d2,[Kevin O'Connor] Kyrie Irving leads the NBA in steals but his defensive impact and commitment on that end show up most on film.,1293,https://streamable.com/x4ld0,1510011464,221,28317
7ibc78,Brandon Ingram throws down a reverse dunk,1282,https://streamable.com/87qsb,1512696874,108,0
79l2ic,Avery Bradley gets the clutch steal and dagger lay up against the Warriors,1281,https://streamable.com/gem94,1509331938,179,31850
7gj622,Drake interviews Kyle Lowry,1277,https://streamable.com/900ic,1512010894,171,0
7cgdbs,Lonzo with the pullup j from deep,1268,https://streamable.com/e4qf5,1510504609,215,61327
7gk7lt,Curry back-to-back threes in OT - NBATV,1267,https://streamable.com/wmpuk,1512021652,160,0
7hn0cp,Donovan Mitchell flies up for the alley-oop from Ricky Rubio!,1261,https://streamable.com/v73r8,1512445177,148,0
7i94kg,LeBron arguing with Bulls fan on the bench,1259,https://streamable.com/2kdke,1512676295,565,0
7cjee8,Angry Boston fans near the end of the game,1257,https://streamable.com/8diwd,1510532960,342,84192
7b1dw2,kyle lowry gets ejected,1255,https://streamable.com/uh9v1,1509926371,325,57479
7ihijn,John Collins makes 400 dollars by jumping into the training facility pool while it's snowing,1253,https://streamable.com/80dti,1512763037,215,0
7iyz8z,Ben Simmons with a O'Neal-esque back down and slam - FS,1251,https://streamable.com/w8da6,1512959058,153,64653
7co059,"LeBron on the Knicks having extra motivation tonight: ""I don't care. What's gonna be worse here than what I've felt in my career. I'm just stating the facts. Have y'all seen Dennis Smith play? Y'all be tripping.""",1243,https://streamable.com/ka01o,1510588703,439,11421
79spju,Kristaps Porzingis with an important message to his fans,1241,https://streamable.com/g9nv6,1509416058,96,131174
7b9xpc,Kyrie Irving Ridiculous Handles Leads to a Smooth Fadeaway Jumper,1239,https://streamable.com/p1tty,1510019156,172,45765
777lya,Kyrie hugging LeBron's children after the game last night,1231,https://streamable.com/jjpd1,1508343167,220,55180
7ikey4,Manu Ginobili with the buzzer beater to give the Spurs the lead at the half,1231,https://streamable.com/w0ny0,1512790807,86,16716
7b5p9d,Westbrook with the strong defensive effort on Lillard.,1224,https://streamable.com/ypqxn,1509980964,358,62166
7hed7g,Steph Curry with the ridiculous finish underneath the rim,1222,https://streamable.com/u2goo,1512354743,174,47322
7ii0w9,Lillard glow in the dark rollerskating with his Mom (yes for real),1222,https://streamable.com/6b9sw,1512767463,105,0
7ctemi,"Simmons dunks it on Lou Williams again, called for a tech",1211,https://streamable.com/t7lrm,1510636485,142,52127
7a120e,Lonzo Ball nice touch pass to Lopez,1210,https://streamable.com/kww7z,1509506116,148,48539
7gsyov,Donovan Mitchell jumps out the gym for another big dunk,1209,https://streamable.com/w3zgj,1512106621,146,0
7gsot5,Will Barton with the crafty game-winning layup,1205,https://streamable.com/h17tt,1512103669,114,0
7gj78i,Drake on the answer to the Raptors 3rd quarter woes:,1195,https://streamable.com/phpuj,1512011163,161,0
7gzyy4,Draymond blocks Fournier then finds Bell for the slam!,1193,https://streamable.com/whro5,1512180977,111,0
7h70ki,Pistons forward Anthony Tolliver casually helps mop up the Sixers court,1191,https://streamable.com/spv8r,1512267062,76,0
7f5nzg,"From yesterday's Knicks-Raptors game, Ref takes a slide and Tim Hardaway calls him safe",1179,https://streamable.com/yvu27,1511505770,64,68412
77xv8z,Giannis with the clutch block to preserve the Bucs' lead!,1176,https://streamable.com/wj2ca,1508641337,137,31593
7g0b4f,Lebron throwing down a classic LeTomahawk.,1168,https://streamable.com/043n5,1511832314,88,0
7dqc72,Carmelo nearly ties it at the end of regulation but his foot is on the line,1167,https://streamable.com/moyvz,1510975892,351,50062
77qfcn,CJ Mccollum catches fire and scores 12 straight for the Blazers from all over the floor,1165,https://streamable.com/tx6i9,1508547585,135,25436
7bn73h,"Lonzo Ball on the news on his brother's arrest in China: ""I know my people over there are handling it, so I'm over here just taking care of business.""",1161,https://streamable.com/n3lj2,1510165056,317,8232
7bpq9g,Jump ball between New York and the Knicks,1158,https://streamable.com/nhtdw,1510187652,137,70866
7g18jr,"Ty Lue slaps the scorer's table in disgust, knocking chalk into a fan's face",1158,https://streamable.com/78cyg,1511840872,152,0
7g9xdq,Ty Lue's sarcastic response after being asked about LeBron's ejection,1156,https://streamable.com/kih0f,1511923964,215,0
784al7,Wiggins glides for the slam,1153,https://streamable.com/v88qf,1508720011,101,34137
7aysjj,The Boston Celtics tell each-other bad jokes again.,1152,https://streamable.com/7d7p1,1509901907,168,25097
77b91z,Oubre's MONSTER putback slam!,1151,https://streamable.com/qu0ve,1508376197,60,34272
7ibgz8,"Ben Simmons with the ""Rondo-like"" fake and drive for 2",1149,https://streamable.com/m7rye,1512698165,86,0
7iy639,Victor Oladipo drains a three in overtime to get a new career-high of 46 points! - FS,1148,https://streamable.com/mbszi,1512952176,96,21030
7c6rm9,"Jerami Grant says ""Gimme dat shit"" as he blocks the living shit out of Blake Griffin",1146,https://streamable.com/uqozd,1510379468,94,84412
77iw93,"Paul George with a steal, and a dunk to beat the buzzer at the half - TNT",1141,https://streamable.com/1dchs,1508462497,82,33446
7g20o6,Blake Griffin leaves the game after Rivers sits on his knee,1140,https://streamable.com/ze7cs,1511848954,241,0
790fya,Lauri Markkanen hits the dagger three to put the Bulls up 4,1137,https://streamable.com/qbmly,1509071128,214,54508
7bqgfb,Steve Kerr hilariously clips his nails during a press conference waiting for reporters to finish tweeting his quotes,1137,https://streamable.com/5tny8,1510195111,165,29407
7dpnem,Kyle Lowry lobs it up to DeMar DeRozan for the slam! - SN,1135,https://streamable.com/7md1v,1510968659,88,24687
7fcnpy,Westbrook misses game-winning three,1132,https://streamable.com/30dqv,1511581049,381,0
7hnsdi,LeBron James pays homage to Michael Jordan imitating his moves against the Bulls.,1132,https://streamable.com/07ndv,1512453924,208,0
78rpee,TJ McConnell to Joel Embiid for the slam! - CSN,1128,https://streamable.com/xux4h,1508974662,86,35905
7heh35,Karl Anthony Towns stuck defending absolutely nobody to the ire of Taj Gibson,1126,https://streamable.com/i9pbq,1512355921,290,0
79xuhy,Terry Rozier‚Äôs Stepback Last Night Looked Oddly Familiar...,1124,https://streamable.com/s72jo,1509475325,153,53543
7cs33c,Doug McDermott putback slam.,1123,https://streamable.com/0tv15,1510622864,102,37156
7ewaaa,Westbrook hypes up the crowd as KD tries to trash talk to him and Melo waves goodbye,1120,https://streamable.com/ggqfl,1511403331,127,0
7irfyx,Ben Simmons emasculates Kyle Korver,1111,https://streamable.com/ohd68,1512875263,199,68683
772tuw,Jaylen Brown SOARS and throws it down,1109,https://streamable.com/jg4od,1508285522,63,27487
7g9rhg,Wade and Haslem exchange jerseys after the game,1107,https://streamable.com/riyyu,1511922443,139,0
77y0va,Joe Ingles is becoming one of the premier trash talkers of the league,1104,https://streamable.com/tttwu,1508643298,138,54557
7dq6m2,Kyle and Demar postgame bromance.,1102,https://streamable.com/58dfq,1510974195,110,32400
7icijz,John Wall interviewing Bradley Beal after his 37 point performance,1100,https://streamable.com/0ov6h,1512707962,142,0
7iqx85,Chris Bosh makes an all too familiar cameo in Justise Winslow's postgame interview,1098,https://streamable.com/6r7c7,1512869248,80,30864
79waej,"Draymond Green: ""I'm not Steph. I'm not Klay. I'm not KD. So I'm not about to sit there and rely on the three, and I think I've been relying on it too much.""",1097,https://streamable.com/xugpb,1509461988,161,6314
7cbcym,[Pick] Boris Diaw with the game winner from half-court in the LNB Pro A,1094,https://streamable.com/5cqpp,1510437916,109,31409
7av3i6,Curry with the steal and 4 point play!,1079,https://streamable.com/jl6zj,1509849288,122,67781
7cszu6,DeAndre Jordan gives Blake Griffin some words of encouragement,1079,https://streamable.com/dth7o,1510631986,108,45292
7diu3p,James Harden calls CP3 a little midget,1076,https://streamable.com/n4quf,1510898914,150,45029
7bqxw1,Lonzo with the chase down block on Kyrie,1068,https://streamable.com/s0w95,1510200497,224,120937
7g1yp9,Bogdan Bogdanoviƒá with the go-ahead bucket over Draymond Green,1067,https://streamable.com/ph043,1511848345,140,0
7eiz9s,"Kyrie on where the Celtics resiliency comes from: ""Just a lot of heart, you know, being protected by some incredible energies.""",1065,https://streamable.com/jhj7q,1511281179,256,0
7ijv2n,Grizzlies execute a 2 on 0 fastbreak to Shaq's liking,1061,https://streamable.com/6645r,1512785610,130,59051
7ditlh,Zhou Qi sends Alex Len's shot back to Ukraine,1060,https://streamable.com/pm8ly,1510898716,184,61147
77354w,Lebron with an incredible pass to Crowder,1058,https://streamable.com/xylap,1508288560,149,35063
7fkdps,Zaza Pachulia weird flop vs the Pelicans,1057,https://streamable.com/i2gmy,1511668041,231,0
7d98b3,Weirdass Hornets mascot dances with a referee and then strips down to its bee underpants,1052,https://gfycat.com/ThirdSnoopyCurassow,1510798474,103,51905
7fbwpr,Marcus Smart gets up and destroys Bismack Biyombo‚Äôs hook shot,1052,https://streamable.com/g68pw,1511572694,87,0
7i31ji,D-Wade to LeBron. A little PB&amp;J.,1044,https://streamable.com/bop08,1512611512,96,0
7980o3,Warriors putting in A LOT of work for a basket,1042,https://streamable.com/ytzyf,1509161581,38,42211
7dxd1b,Ben Simmons Spin-o-rama,1042,https://streamable.com/kudaq,1511054950,86,43288
79tgx5,Curry with a step-back three over Rivers to end the third quarter NBATV,1039,https://streamable.com/z9u6a,1509423971,152,32276
78tfkq,[Highlight] KD's pullup 3 to tie the game late because it needed to be posted.,1038,https://streamable.com/qkv32,1508994181,155,56373
7dhfdn,Marcus Smart misses the 3 then gets dunked on by Andre Iguodala,1036,https://streamable.com/u1271,1510883592,151,22623
7ew0gp,"Carmelo Anthony drains a midrange J, strips Curry then stops on a dime and drills a three! - ESPN",1036,https://streamable.com/3zq24,1511400604,71,0
7dptx1,Lowry's reaction to questionable call on Porzingis - SN,1028,https://streamable.com/0u5wt,1510970564,93,34699
77imbi,OG Anunoby's first NBA basket is a spin move and dunk,1025,https://streamable.com/gmy94,1508459473,107,24915
7fh4os,KAT Defensive Lapses vs. Miami Heat,1024,https://streamable.com/be9yh,1511635975,272,0
7b0xh3,Cavaliers' last possession vs the Hawks,1021,https://streamable.com/6i7y7,1509921798,164,67015
773zaa,Eric Gordon drives and posterizes Jordan Bell! - TNT,1015,https://streamable.com/6o65w,1508297217,97,23356
7ahh9x,Steve Kerr offers some words of encouragement to rookie Jordan Bell (x-post r/warriors),1013,https://streamable.com/bltel,1509687668,99,53207
7bhm2u,LeBron shakes Giannis on the fadeaway J - NBATV,1013,https://streamable.com/1soz6,1510101349,151,32564
77bmal,A nice looking family taking in the Spurs game,1012,https://streamable.com/k0y1h,1508380210,90,54180
78034h,Grizzlies DJ channels Tommy Wiseau after Gasol's basket,1010,https://streamable.com/usdoz,1508677610,59,26209
7drigi,Security guard forgot he was at work,1007,https://streamable.com/7tily,1510990982,93,70639
7cdb2e,[NBCSWarriors] Draymond &amp; KD showing love to Embiid after the game.,1006,https://streamable.com/uhquk,1510459940,144,58271
79ehqq,1st Team All Defense Patrick Beverley flies in for the block after Avery Bradley misses the easy lay up,1003,https://streamable.com/hh0w3,1509248470,91,28265
