id,title,score,url,created_utc,num_comments,views,popularity
772v5s,Gordon Hayward Breaks His Leg *GRAPHIC*,34194,https://streamable.com/j4yf3,1508285853,6439,2186211,2.6484240604393907
77ch9a,Every Phoenix Suns player starts running at the exact same moment,31705,https://gfycat.com/PrestigiousWeeGreyhounddog,1508390979,621,3371576,2.0236529990852827
77amvr,Markelle Fultz first 2 free-throws of his career,12210,https://streamable.com/gjj42,1508369772,1572,353948,0.7061974635267185
774l1e,Durant Misses Game Winner By Faction of a Second - TNT,8130,https://streamable.com/g2xdi,1508304562,1122,321096,0.5072478451621467
77jj56,Patrick Beverley going at Lonzo Ball and welcoming him to the league,6800,https://streamable.com/qsv9k,1508469697,912,316346,0.4343295358650795
77n82a,Rookie Jonathon Isaac realizes he forgot his jersey in his 1st NBA Game.,9490,https://streamable.com/dilzk,1508516930,333,246880,0.40247409193904654
77els5,"Paul Pierce on Embiid: ""I’m tired of getting a little taste of him. I want the whole load.""",7721,https://streamable.com/p605e,1508422144,767,106451,0.37649079187275114
77qt68,Kyrie’s response to fan asking him “Where’s Lebron?”,6105,https://streamable.com/8so7i,1508552090,723,285833,0.3756018783496461
77qgzg,Lebron James blocks Giannis then drills a wide open 3 on the next play,6074,https://streamable.com/vz14d,1508548094,557,219237,0.329162698758829
77xb99,Markelle Fultz horrible free throw attempt,3299,https://streamable.com/olcno,1508634438,905,189473,0.2932258504480678
77xpsi,KD's reaction to getting ejected (h/t:@vineydelnegro),2203,https://streamable.com/ethqm,1508639439,568,346434,0.25539031718745153
77t7j7,De'Aaron Fox with Kameha shot,3532,https://streamable.com/bc9m8,1508590707,525,141410,0.22676918512951783
777kle,Kevin Love's absolutely ridiculous pass last night,4339,https://streamable.com/b350f,1508342875,296,128821,0.21107142601940318
77aomj,Boston Celtics open home opener with a message from Gordon Hayward,4701,https://streamable.com/4katd,1508370283,284,56962,0.19848125705613065
77x3vz,James Johnson dunks Victor Oladipo into oblivion,3944,https://streamable.com/q4luu,1508631929,253,131508,0.19363859287378338
77xh86,Marc Gasol nasty move on Klay Thompson followed by a 3,3824,https://streamable.com/hutup,1508636464,265,81573,0.1771822675203965
77r363,Dwight Howard receives his 5th foul and shows his appreciation,3340,https://streamable.com/y53ar,1508555674,261,128710,0.1763872252113924
77am7w,[Highlight] John Wall bodies TJ McConnell and dunks it!,3143,https://streamable.com/bwz0i,1508369576,360,87667,0.1738277999222951
77qv32,Demarcus Cousins gets under Green's skin resulting in a technical on Draymond,2267,https://streamable.com/3t72x,1508552758,500,87266,0.16983284147904945
77qglc,Kyle Korver goes on a 9-0 run,3178,https://streamable.com/4jw7l,1508547972,274,81847,0.15976906440974653
77ikxl,KP send Melo back to NYC with the block,2949,https://streamable.com/sclco,1508459048,161,144437,0.15408669287750718
773ol1,Kyrie Irving misses a potential game-winning three against LeBron James - TNT,2360,https://streamable.com/ydfum,1508294034,376,84323,0.15242208261646378
773099,[NBAonTNT] Celtics huddle together after gruesome Hayward injury.,2592,https://streamable.com/qrhhy,1508287211,312,83335,0.14897442904405503
77r9s5,"Lakers Corey Brewer calling for the ball for a good 15 seconds, but to no avail",2744,https://streamable.com/n3v7g,1508558119,253,98480,0.1487487044451959
77xq40,Curry tossing his mouthpiece (h/t:@vineydelnegro),1533,https://streamable.com/vxko1,1508639548,312,182748,0.1474897007779699
77jk8a,Patrick Beverley pretty move and NASTY block,2975,https://streamable.com/xkrfx,1508470071,167,88261,0.13911723761743713
776l40,"After putting up 29 Pts, 16 Rebs, and 9 Asts in the season opener, LeBron's reaction: ""I'm outta shape.""",2866,https://streamable.com/kufcl,1508333925,333,11653,0.1389882262827072
77b5vv,Tony Allen gets a standing ovation in Memphis when he enters the game,3203,https://streamable.com/2gzbk,1508375262,175,51013,0.13597985053608472
77xqvj,Steph Curry and Kevin Durrant get ejected on the same play,1880,https://streamable.com/ibryo,1508639814,365,62479,0.13019732313559115
77liaw,[Inside The NBA] Chuck gets roasted as he has a weird stutter and a lisp at the same time,2951,https://streamable.com/wclzp,1508499409,173,57116,0.13010966202347746
77ijky,Enes Kanter gets a huge ovation on his return to OKC,2714,https://streamable.com/62bbf,1508458664,188,63654,0.12744732825996308
77jhu1,Blake Griffin posterizes Julius Randle,2241,https://streamable.com/tij8q,1508469289,230,85362,0.12657577607995207
77oq3e,[Video] Kawhi Leonard climbing these stairs quite gingerly. Looks like he may be out longer than expected...,1595,https://streamable.com/iqrq4,1508530336,347,75867,0.12303790573196773
77jneg,"Patrick ""1st Team All-Defense"" Beverley steals it from Lonzo for the easy basket",1983,https://streamable.com/qrhpd,1508471176,207,94305,0.11811107824369113
772x08,[Highlight] Derrick Rose crosses up Kyrie and finishes at the rim,1972,https://streamable.com/n8sgq,1508286337,189,75310,0.10936005543762137
77bnzx,Dejounte Murray earning some brownie points with Pop during a Spurs huddle,1793,https://streamable.com/175cn,1508380742,253,58846,0.10918147421034763
7740gj,James Harden step-back three on Steph Curry to end the first quarter - TNT,2114,https://streamable.com/ku506,1508297587,219,44191,0.10894213107971143
77qxu8,KD gets 2 blocks and the rebound wearing one shoe,2096,https://streamable.com/vhrqc,1508553724,152,60523,0.10285440595810239
77qp7g,D'Angelo Russell breaking ankles,1560,https://streamable.com/cfqvl,1508550726,237,63487,0.10125906297035958
77bb57,Giannis dunks on Baynes again. This time with the lob,1815,https://streamable.com/j4zwy,1508376841,179,56955,0.09777152886015565
77efh0,Terrence Ross No Look Pass To Vucci Mane,1671,https://gfycat.com/bewitcheddefinitiveharrierhawk,1508420371,136,91237,0.09705015332555474
7776yj,"LeBron on Kyrie being booed: ""That was nothing. I've experienced boos before. That was like a pat on the back. That was nothing.""",1819,https://streamable.com/b9i54,1508339600,265,6523,0.09628662967196674
77r5ls,"DRose comments on the personal foul by Monroe that led to his ankle sprain: ""I think I'm the only person in the league that isn't getting that call for a flagrant. For sure I'm the only player. Go back and look at the history, it's there.""",1397,https://streamable.com/2u6xl,1508556569,322,14108,0.09504727925498466
77q1s9,Kyrie Irving gets booed in Philly,1309,https://streamable.com/ayv8g,1508543262,287,39574,0.09459124597575133
77j0fz,"""Aww shit getta fuck outta here""",1554,https://streamable.com/qxmmy,1508463796,112,96103,0.09134445553169263
777lya,Kyrie hugging LeBron's children after the game last night,1231,https://streamable.com/jjpd1,1508343167,220,55039,0.0864916772761167
77bgm7,Hassan Whiteside drops his first career three-pointer,1479,https://streamable.com/22nrb,1508378472,148,57066,0.08316375366030003
77mhxg,"Last night, Michael Beasley hurt himself and could only hop on one leg before he came out shortly after. That didn’t stop the GOAT from calling for the ball though.",1542,https://streamable.com/oi8a5,1508510379,108,71710,0.08313740680519847
77b236,Dennis Smith Jr. soars high and gets his first NBA basket off the alley-oop!,1650,https://streamable.com/onsyi,1508374132,119,51287,0.08194679085178282
773c2r,LeBron spin and two-hand dunk,1815,https://streamable.com/7f8uk,1508290420,110,38563,0.08160056348260426
77awmq,Aaron Gordon pulling a TMac!,1506,https://streamable.com/dwbzi,1508372543,94,57751,0.07577013955171483
777nsv,Baynes hits Crowder with unseen 5th appendage,1302,https://streamable.com/1zql1,1508343571,126,37899,0.06888584879851817
773nsd,Wade tosses the familiar alley oop to LeBron,1386,https://streamable.com/ljvfw,1508293799,87,43086,0.06682402867699674
77y0va,Joe Ingles is becoming one of the premier trash talkers of the league,1025,https://streamable.com/tttwu,1508643298,133,49852,0.06541736405188199
77xuxn,Giannis forces the turnover and then gets the go ahead dunk on the run out with 11 seconds left,1288,https://streamable.com/ynxoz,1508641230,102,38450,0.06491255845502344
77iqle,"Kevin Harlan exclaims, ""Yikes"" as Felton's lob to Grant fails - TNT",1321,https://streamable.com/9730r,1508460782,96,37664,0.06471269293791632
77354w,Lebron with an incredible pass to Crowder,1058,https://streamable.com/xylap,1508288560,149,34942,0.06444503929558307
77xv8z,Giannis with the clutch block to preserve the Bucs' lead!,1148,https://streamable.com/wj2ca,1508641337,131,30804,0.0630542956579988
77qfcn,CJ Mccollum catches fire and scores 12 straight for the Blazers from all over the floor,1165,https://streamable.com/tx6i9,1508547585,135,25382,0.06256452336081901
77bmal,A nice looking family taking in the Spurs game,1012,https://streamable.com/k0y1h,1508380210,90,54136,0.05962974719852636
77iw93,"Paul George with a steal, and a dunk to beat the buzzer at the half - TNT",1141,https://streamable.com/1dchs,1508462497,82,33420,0.05601560234477774
77imbi,OG Anunoby's first NBA basket is a spin move and dunk,1025,https://streamable.com/gmy94,1508459473,107,24886,0.05397462428254088
77b91z,Oubre's MONSTER putback slam!,1151,https://streamable.com/qu0ve,1508376197,60,34187,0.05311886175592792
773zaa,Eric Gordon drives and posterizes Jordan Bell! - TNT,1015,https://streamable.com/6o65w,1508297217,97,23311,0.051661998539697204
772tuw,Jaylen Brown SOARS and throws it down,1109,https://streamable.com/jg4od,1508285522,63,27467,0.05036335376586551