id,title,score,url,created_utc,num_comments
7ug34i,Nikola Jokic Can't Dunk,5294,https://streamable.com/lzd5b,1517458088,354
7ug2pe,Gruesome injury to Suns' Isaiah Canaan,10839,https://streamable.com/jnneu,1517457968,1700
7uft37,Boos in the Q after Isaiah Thomas misses his 6th three (0/6 3pt),1667,https://streamable.com/nr0j6,1517455294,631
7ufrvi,The Cavs run the same Channing Frye cut play 4 straight times until it stops working,2821,https://streamable.com/n6fl6,1517454970,204
7ufp8n,Terry Rozier notches a triple double in his first career start,3242,https://www.reddit.com/r/nba/comments/7ufp8n/terry_rozier_notches_a_triple_double_in_his_first/,1517454263,360
7ufk5t,Dwight Howard puts Muscala on a POSTER,2372,https://streamable.com/2jwzy,1517452934,192
7uf8dw,Jaylen Brown destroys Kristaps Porzingis with the huge poster,4438,https://streamable.com/u7upy,1517449767,486
7uf70m,"Ben Simmons goes baseline, splits the defense, and throws down a hard reverse slam!",2148,https://streamable.com/iapd3,1517449406,146
7uf1c0,Klay’s new ANTA commercial,5081,https://streamable.com/vyhb6,1517447873,440
7uewrd,Dennis Schroder commits the Iverson on D Howard,1781,https://streamable.com/ts2gq,1517446698,125
7ue1hj,[Fronseca]Markelle Fultz really working on the basics ahead of #Sixers vs #Nets tonight.,1057,https://streamable.com/9a55u,1517439007,212
7ucwjh,"Mike Conley still loopy from a successful surgery, sings ""Carry on my Wayward Son""",1832,https://streamable.com/r0su7,1517430026,176
7uavhc,"Markelle Fultz's Jump Shot: Dissecting his jumper via the lens of his injury, pain science, &amp; neuro-motor control",3475,https://www.reddit.com/r/nba/comments/7uavhc/markelle_fultzs_jump_shot_dissecting_his_jumper/,1517414274,426
7ua5h3,"Blake Griffin “I’m incredibly excited, I love this fanbase already. The energy within the past 24 hours has been crazy”",2563,https://streamable.com/e57fr,1517408021,751
7u6tq3,James Harden four point play in the clutch to break the franchise single game scoring record,2867,https://streamable.com/x5gy7,1517368480,288
7u6pa7,6'0 Fred VanFleek boxes out 7'0 Karl-Anthony Towns,2785,https://streamable.com/qukru,1517367349,322
7u6o8q,Ref just watches as Steph Curry gets fouled offball,1303,https://streamable.com/csd03,1517367078,346
7u6d0v,Jokic throws a no look behind the back bass for a layup,1436,https://streamable.com/ba0tr,1517364199,171
7u6cz1,"Paul George prances, draws a foul and swims through Kelly Oubre Jr",1041,https://streamable.com/d8w2x,1517364184,166
7u65q9,"LeBron crashes Andre Drummond's pregame interview: ""TEAM LEBRON!""",3648,https://streamable.com/laa7r,1517362310,222
7u61er,Steven Adams submits his Shaqtin nomination by passing out of a wide open dunk,2106,https://streamable.com/vaaz1,1517361166,208
