id,title,score,url,created_utc,num_comments,views,week
7bqnot,Cameraman with the inhuman reactions,6749,https://streamable.com/yux5j,1510197323,553,395460,2017-45
7bgdid,Jimmy Butler fears for his life as his canoe begins to capsize,9261,https://streamable.com/nj85v,1510089891,464,351076,2017-45
7bq1se,Kyrie Irving somehow gets through the Lakers defense with some fancy ball-handling and lays it in - ESPN,7684,https://streamable.com/u30kq,1510190838,608,256098,2017-45
7c442v,Steph Curry with the long distance goal shot from his foot (h/t:@letsgowarriors),5498,https://streamable.com/r6tqf,1510349113,397,199544,2017-45
7baqo5,"Curry hits a crazy teardrop floater during pregame, KD does a ritualistic dance",4432,https://streamable.com/soh5n,1510027656,404,166582,2017-45
7c60qj,Bledsoe to Giannis fastbreak oop,4954,https://streamable.com/840gj,1510369556,328,162599,2017-45
7bhv7g,Cody Zeller gets blocked 4 times in a row,4763,https://streamable.com/sz1jz,1510103817,342,160587,2017-45
7blrvt,"""I see you workin booooiiii""",3840,https://streamable.com/fnq5z,1510152698,275,159502,2017-45
7cck6l,The speed of Patty Mills.,2939,https://streamable.com/n2uv8,1510451002,225,143284,2017-45
7by61k,LeBron gets defensive on a good call,2192,https://streamable.com/l0u4t,1510279845,481,141297,2017-45
7b9mgq,[Dave McMenamin]: Lebron came out of the shower with a towel on his waist and went straight to Ty Lue's office.,8850,https://streamable.com/fz17z,1510015931,917,138652,2017-45
7c641i,Giannis bringing out the party tricks on the fast break dunk,2345,https://streamable.com/35iz0,1510370686,183,135665,2017-45
7bhm6g,Giannis gives Lebron a taste of his own medicine,2791,https://streamable.com/g9yp8,1510101373,292,121914,2017-45
7bqxw1,Lonzo with the chase down block on Kyrie,1068,https://streamable.com/s0w95,1510200497,224,120937,2017-45
7b9wta,Al Horford is back with another flinch after the whistle,3039,https://streamable.com/ge0ug,1510018907,240,115420,2017-45
7bynix,Clint capela huge block on Lebron James to seal the game!,2306,https://streamable.com/tapsk,1510285436,180,114995,2017-45
7bn02d,Esteemed sharpshooter Andre Roberson splashes effortlessly from the logo,2721,https://streamable.com/704ht,1510163489,202,105265,2017-45
7c5u2n,Oladidpo 360 slam,3218,https://streamable.com/m743e,1510367301,219,100623,2017-45
7bq8x1,Smart rejects Ball at the rim - ESPN,3337,https://streamable.com/55i4h,1510192960,400,97218,2017-45
7cd5us,Giannis with putback dunk on Lonzo Ball,1595,https://streamable.com/lzz6g,1510458207,92,96549,2017-45
7baecp,This kid at the Celtics/Hawks game,1466,https://streamable.com/prpj8,1510023907,106,94319,2017-45
7bnhag,Porzingis the flop artist,3355,https://streamable.com/1lrq8,1510167404,657,92518,2017-45
7bifm1,Porzingis sprays down Dwight in the clutch,1350,https://streamable.com/kpdaf,1510109424,147,92348,2017-45
7bihce,Kristaps has a finely tuned internal clock,2756,https://streamable.com/vl27c,1510109910,270,90593,2017-45
7bz680,Kosta Koufas thinking about life,2290,https://streamable.com/mxe75,1510291859,147,88260,2017-45
7ccnu3,"Dejounte runs into Pop on the sideline, Manu can't contain his enjoyment",1565,https://streamable.com/vbq6d,1510452157,68,88242,2017-45
7cd4ct,Shaun Livingston behind-the-back crossover to a behind-the-back dime to Klay Thompson for 3,3487,https://streamable.com/ztjvu,1510457718,230,86619,2017-45
7c6rm9,"Jerami Grant says ""Gimme dat shit"" as he blocks the living shit out of Blake Griffin",1146,https://streamable.com/uqozd,1510379468,94,84412,2017-45
7bj1gj,Russell Westbrook assessed a flagrant offensive foul,1869,https://streamable.com/tgcsz,1510115935,547,82699,2017-45
7bz6bm,De'Aaron Fox with the game winner against the 76ers,3592,https://streamable.com/my4t2,1510291896,453,81721,2017-45
